<?xml version="1.0" encoding="UTF-8"?>
<instance>
  <presentation name="?" maxConstraintArity="2" format="XCSP 2.0" />
  <domains nbDomains="3">
    <domain name="First">-1</domain>
    <domain name="D_Graph" nbValues="1">1</domain>
    <domain name="D_Vertex" nbValues="50">2..51</domain>
    <domain name="D_Edge" nbValues="120">52..171</domain>
    <domain name="DCRJ_1_3" nbValues="50">2..51</domain>
    <domain name="DCRJ2_1_3" nbValues="55">2..51 172..177</domain>
    <domain name="DCRJ_2_3" nbValues="50">2..51</domain>
    <domain name="DCRJ2_2_3" nbValues="55">2..51 172..177</domain>
  </domains>
  <variables nbVariables="241">
    <variable domain="First" name="First" />
    <variable domain="DCRJ2_1_3" name="Id_Edge_52_EVin_1" />
    <variable domain="DCRJ2_2_3" name="Id_Edge_52_EVout_1" />
    <variable domain="DCRJ2_1_3" name="Id_Edge_53_EVin_1" />
    <variable domain="DCRJ2_2_3" name="Id_Edge_53_EVout_1" />
    <variable domain="DCRJ2_1_3" name="Id_Edge_54_EVin_1" />
    <variable domain="DCRJ2_2_3" name="Id_Edge_54_EVout_1" />
    <variable domain="DCRJ2_1_3" name="Id_Edge_55_EVin_1" />
    <variable domain="DCRJ2_2_3" name="Id_Edge_55_EVout_1" />
    <variable domain="DCRJ2_1_3" name="Id_Edge_56_EVin_1" />
    <variable domain="DCRJ2_2_3" name="Id_Edge_56_EVout_1" />
    <variable domain="DCRJ2_1_3" name="Id_Edge_57_EVin_1" />
    <variable domain="DCRJ2_2_3" name="Id_Edge_57_EVout_1" />
    <variable domain="DCRJ2_1_3" name="Id_Edge_58_EVin_1" />
    <variable domain="DCRJ2_2_3" name="Id_Edge_58_EVout_1" />
    <variable domain="DCRJ2_1_3" name="Id_Edge_59_EVin_1" />
    <variable domain="DCRJ2_2_3" name="Id_Edge_59_EVout_1" />
    <variable domain="DCRJ2_1_3" name="Id_Edge_60_EVin_1" />
    <variable domain="DCRJ2_2_3" name="Id_Edge_60_EVout_1" />
    <variable domain="DCRJ2_1_3" name="Id_Edge_61_EVin_1" />
    <variable domain="DCRJ2_2_3" name="Id_Edge_61_EVout_1" />
    <variable domain="DCRJ2_1_3" name="Id_Edge_62_EVin_1" />
    <variable domain="DCRJ2_2_3" name="Id_Edge_62_EVout_1" />
    <variable domain="DCRJ2_1_3" name="Id_Edge_63_EVin_1" />
    <variable domain="DCRJ2_2_3" name="Id_Edge_63_EVout_1" />
    <variable domain="DCRJ2_1_3" name="Id_Edge_64_EVin_1" />
    <variable domain="DCRJ2_2_3" name="Id_Edge_64_EVout_1" />
    <variable domain="DCRJ2_1_3" name="Id_Edge_65_EVin_1" />
    <variable domain="DCRJ2_2_3" name="Id_Edge_65_EVout_1" />
    <variable domain="DCRJ2_1_3" name="Id_Edge_66_EVin_1" />
    <variable domain="DCRJ2_2_3" name="Id_Edge_66_EVout_1" />
    <variable domain="DCRJ2_1_3" name="Id_Edge_67_EVin_1" />
    <variable domain="DCRJ2_2_3" name="Id_Edge_67_EVout_1" />
    <variable domain="DCRJ2_1_3" name="Id_Edge_68_EVin_1" />
    <variable domain="DCRJ2_2_3" name="Id_Edge_68_EVout_1" />
    <variable domain="DCRJ2_1_3" name="Id_Edge_69_EVin_1" />
    <variable domain="DCRJ2_2_3" name="Id_Edge_69_EVout_1" />
    <variable domain="DCRJ2_1_3" name="Id_Edge_70_EVin_1" />
    <variable domain="DCRJ2_2_3" name="Id_Edge_70_EVout_1" />
    <variable domain="DCRJ2_1_3" name="Id_Edge_71_EVin_1" />
    <variable domain="DCRJ2_2_3" name="Id_Edge_71_EVout_1" />
    <variable domain="DCRJ2_1_3" name="Id_Edge_72_EVin_1" />
    <variable domain="DCRJ2_2_3" name="Id_Edge_72_EVout_1" />
    <variable domain="DCRJ2_1_3" name="Id_Edge_73_EVin_1" />
    <variable domain="DCRJ2_2_3" name="Id_Edge_73_EVout_1" />
    <variable domain="DCRJ2_1_3" name="Id_Edge_74_EVin_1" />
    <variable domain="DCRJ2_2_3" name="Id_Edge_74_EVout_1" />
    <variable domain="DCRJ2_1_3" name="Id_Edge_75_EVin_1" />
    <variable domain="DCRJ2_2_3" name="Id_Edge_75_EVout_1" />
    <variable domain="DCRJ2_1_3" name="Id_Edge_76_EVin_1" />
    <variable domain="DCRJ2_2_3" name="Id_Edge_76_EVout_1" />
    <variable domain="DCRJ2_1_3" name="Id_Edge_77_EVin_1" />
    <variable domain="DCRJ2_2_3" name="Id_Edge_77_EVout_1" />
    <variable domain="DCRJ2_1_3" name="Id_Edge_78_EVin_1" />
    <variable domain="DCRJ2_2_3" name="Id_Edge_78_EVout_1" />
    <variable domain="DCRJ2_1_3" name="Id_Edge_79_EVin_1" />
    <variable domain="DCRJ2_2_3" name="Id_Edge_79_EVout_1" />
    <variable domain="DCRJ2_1_3" name="Id_Edge_80_EVin_1" />
    <variable domain="DCRJ2_2_3" name="Id_Edge_80_EVout_1" />
    <variable domain="DCRJ2_1_3" name="Id_Edge_81_EVin_1" />
    <variable domain="DCRJ2_2_3" name="Id_Edge_81_EVout_1" />
    <variable domain="DCRJ2_1_3" name="Id_Edge_82_EVin_1" />
    <variable domain="DCRJ2_2_3" name="Id_Edge_82_EVout_1" />
    <variable domain="DCRJ2_1_3" name="Id_Edge_83_EVin_1" />
    <variable domain="DCRJ2_2_3" name="Id_Edge_83_EVout_1" />
    <variable domain="DCRJ2_1_3" name="Id_Edge_84_EVin_1" />
    <variable domain="DCRJ2_2_3" name="Id_Edge_84_EVout_1" />
    <variable domain="DCRJ2_1_3" name="Id_Edge_85_EVin_1" />
    <variable domain="DCRJ2_2_3" name="Id_Edge_85_EVout_1" />
    <variable domain="DCRJ2_1_3" name="Id_Edge_86_EVin_1" />
    <variable domain="DCRJ2_2_3" name="Id_Edge_86_EVout_1" />
    <variable domain="DCRJ2_1_3" name="Id_Edge_87_EVin_1" />
    <variable domain="DCRJ2_2_3" name="Id_Edge_87_EVout_1" />
    <variable domain="DCRJ2_1_3" name="Id_Edge_88_EVin_1" />
    <variable domain="DCRJ2_2_3" name="Id_Edge_88_EVout_1" />
    <variable domain="DCRJ2_1_3" name="Id_Edge_89_EVin_1" />
    <variable domain="DCRJ2_2_3" name="Id_Edge_89_EVout_1" />
    <variable domain="DCRJ2_1_3" name="Id_Edge_90_EVin_1" />
    <variable domain="DCRJ2_2_3" name="Id_Edge_90_EVout_1" />
    <variable domain="DCRJ2_1_3" name="Id_Edge_91_EVin_1" />
    <variable domain="DCRJ2_2_3" name="Id_Edge_91_EVout_1" />
    <variable domain="DCRJ2_1_3" name="Id_Edge_92_EVin_1" />
    <variable domain="DCRJ2_2_3" name="Id_Edge_92_EVout_1" />
    <variable domain="DCRJ2_1_3" name="Id_Edge_93_EVin_1" />
    <variable domain="DCRJ2_2_3" name="Id_Edge_93_EVout_1" />
    <variable domain="DCRJ2_1_3" name="Id_Edge_94_EVin_1" />
    <variable domain="DCRJ2_2_3" name="Id_Edge_94_EVout_1" />
    <variable domain="DCRJ2_1_3" name="Id_Edge_95_EVin_1" />
    <variable domain="DCRJ2_2_3" name="Id_Edge_95_EVout_1" />
    <variable domain="DCRJ2_1_3" name="Id_Edge_96_EVin_1" />
    <variable domain="DCRJ2_2_3" name="Id_Edge_96_EVout_1" />
    <variable domain="DCRJ2_1_3" name="Id_Edge_97_EVin_1" />
    <variable domain="DCRJ2_2_3" name="Id_Edge_97_EVout_1" />
    <variable domain="DCRJ2_1_3" name="Id_Edge_98_EVin_1" />
    <variable domain="DCRJ2_2_3" name="Id_Edge_98_EVout_1" />
    <variable domain="DCRJ2_1_3" name="Id_Edge_99_EVin_1" />
    <variable domain="DCRJ2_2_3" name="Id_Edge_99_EVout_1" />
    <variable domain="DCRJ2_1_3" name="Id_Edge_100_EVin_1" />
    <variable domain="DCRJ2_2_3" name="Id_Edge_100_EVout_1" />
    <variable domain="DCRJ2_1_3" name="Id_Edge_101_EVin_1" />
    <variable domain="DCRJ2_2_3" name="Id_Edge_101_EVout_1" />
    <variable domain="DCRJ2_1_3" name="Id_Edge_102_EVin_1" />
    <variable domain="DCRJ2_2_3" name="Id_Edge_102_EVout_1" />
    <variable domain="DCRJ2_1_3" name="Id_Edge_103_EVin_1" />
    <variable domain="DCRJ2_2_3" name="Id_Edge_103_EVout_1" />
    <variable domain="DCRJ2_1_3" name="Id_Edge_104_EVin_1" />
    <variable domain="DCRJ2_2_3" name="Id_Edge_104_EVout_1" />
    <variable domain="DCRJ2_1_3" name="Id_Edge_105_EVin_1" />
    <variable domain="DCRJ2_2_3" name="Id_Edge_105_EVout_1" />
    <variable domain="DCRJ2_1_3" name="Id_Edge_106_EVin_1" />
    <variable domain="DCRJ2_2_3" name="Id_Edge_106_EVout_1" />
    <variable domain="DCRJ2_1_3" name="Id_Edge_107_EVin_1" />
    <variable domain="DCRJ2_2_3" name="Id_Edge_107_EVout_1" />
    <variable domain="DCRJ2_1_3" name="Id_Edge_108_EVin_1" />
    <variable domain="DCRJ2_2_3" name="Id_Edge_108_EVout_1" />
    <variable domain="DCRJ2_1_3" name="Id_Edge_109_EVin_1" />
    <variable domain="DCRJ2_2_3" name="Id_Edge_109_EVout_1" />
    <variable domain="DCRJ2_1_3" name="Id_Edge_110_EVin_1" />
    <variable domain="DCRJ2_2_3" name="Id_Edge_110_EVout_1" />
    <variable domain="DCRJ2_1_3" name="Id_Edge_111_EVin_1" />
    <variable domain="DCRJ2_2_3" name="Id_Edge_111_EVout_1" />
    <variable domain="DCRJ2_1_3" name="Id_Edge_112_EVin_1" />
    <variable domain="DCRJ2_2_3" name="Id_Edge_112_EVout_1" />
    <variable domain="DCRJ2_1_3" name="Id_Edge_113_EVin_1" />
    <variable domain="DCRJ2_2_3" name="Id_Edge_113_EVout_1" />
    <variable domain="DCRJ2_1_3" name="Id_Edge_114_EVin_1" />
    <variable domain="DCRJ2_2_3" name="Id_Edge_114_EVout_1" />
    <variable domain="DCRJ2_1_3" name="Id_Edge_115_EVin_1" />
    <variable domain="DCRJ2_2_3" name="Id_Edge_115_EVout_1" />
    <variable domain="DCRJ2_1_3" name="Id_Edge_116_EVin_1" />
    <variable domain="DCRJ2_2_3" name="Id_Edge_116_EVout_1" />
    <variable domain="DCRJ2_1_3" name="Id_Edge_117_EVin_1" />
    <variable domain="DCRJ2_2_3" name="Id_Edge_117_EVout_1" />
    <variable domain="DCRJ2_1_3" name="Id_Edge_118_EVin_1" />
    <variable domain="DCRJ2_2_3" name="Id_Edge_118_EVout_1" />
    <variable domain="DCRJ2_1_3" name="Id_Edge_119_EVin_1" />
    <variable domain="DCRJ2_2_3" name="Id_Edge_119_EVout_1" />
    <variable domain="DCRJ2_1_3" name="Id_Edge_120_EVin_1" />
    <variable domain="DCRJ2_2_3" name="Id_Edge_120_EVout_1" />
    <variable domain="DCRJ2_1_3" name="Id_Edge_121_EVin_1" />
    <variable domain="DCRJ2_2_3" name="Id_Edge_121_EVout_1" />
    <variable domain="DCRJ2_1_3" name="Id_Edge_122_EVin_1" />
    <variable domain="DCRJ2_2_3" name="Id_Edge_122_EVout_1" />
    <variable domain="DCRJ2_1_3" name="Id_Edge_123_EVin_1" />
    <variable domain="DCRJ2_2_3" name="Id_Edge_123_EVout_1" />
    <variable domain="DCRJ2_1_3" name="Id_Edge_124_EVin_1" />
    <variable domain="DCRJ2_2_3" name="Id_Edge_124_EVout_1" />
    <variable domain="DCRJ2_1_3" name="Id_Edge_125_EVin_1" />
    <variable domain="DCRJ2_2_3" name="Id_Edge_125_EVout_1" />
    <variable domain="DCRJ2_1_3" name="Id_Edge_126_EVin_1" />
    <variable domain="DCRJ2_2_3" name="Id_Edge_126_EVout_1" />
    <variable domain="DCRJ2_1_3" name="Id_Edge_127_EVin_1" />
    <variable domain="DCRJ2_2_3" name="Id_Edge_127_EVout_1" />
    <variable domain="DCRJ2_1_3" name="Id_Edge_128_EVin_1" />
    <variable domain="DCRJ2_2_3" name="Id_Edge_128_EVout_1" />
    <variable domain="DCRJ2_1_3" name="Id_Edge_129_EVin_1" />
    <variable domain="DCRJ2_2_3" name="Id_Edge_129_EVout_1" />
    <variable domain="DCRJ2_1_3" name="Id_Edge_130_EVin_1" />
    <variable domain="DCRJ2_2_3" name="Id_Edge_130_EVout_1" />
    <variable domain="DCRJ2_1_3" name="Id_Edge_131_EVin_1" />
    <variable domain="DCRJ2_2_3" name="Id_Edge_131_EVout_1" />
    <variable domain="DCRJ2_1_3" name="Id_Edge_132_EVin_1" />
    <variable domain="DCRJ2_2_3" name="Id_Edge_132_EVout_1" />
    <variable domain="DCRJ2_1_3" name="Id_Edge_133_EVin_1" />
    <variable domain="DCRJ2_2_3" name="Id_Edge_133_EVout_1" />
    <variable domain="DCRJ2_1_3" name="Id_Edge_134_EVin_1" />
    <variable domain="DCRJ2_2_3" name="Id_Edge_134_EVout_1" />
    <variable domain="DCRJ2_1_3" name="Id_Edge_135_EVin_1" />
    <variable domain="DCRJ2_2_3" name="Id_Edge_135_EVout_1" />
    <variable domain="DCRJ2_1_3" name="Id_Edge_136_EVin_1" />
    <variable domain="DCRJ2_2_3" name="Id_Edge_136_EVout_1" />
    <variable domain="DCRJ2_1_3" name="Id_Edge_137_EVin_1" />
    <variable domain="DCRJ2_2_3" name="Id_Edge_137_EVout_1" />
    <variable domain="DCRJ2_1_3" name="Id_Edge_138_EVin_1" />
    <variable domain="DCRJ2_2_3" name="Id_Edge_138_EVout_1" />
    <variable domain="DCRJ2_1_3" name="Id_Edge_139_EVin_1" />
    <variable domain="DCRJ2_2_3" name="Id_Edge_139_EVout_1" />
    <variable domain="DCRJ2_1_3" name="Id_Edge_140_EVin_1" />
    <variable domain="DCRJ2_2_3" name="Id_Edge_140_EVout_1" />
    <variable domain="DCRJ2_1_3" name="Id_Edge_141_EVin_1" />
    <variable domain="DCRJ2_2_3" name="Id_Edge_141_EVout_1" />
    <variable domain="DCRJ2_1_3" name="Id_Edge_142_EVin_1" />
    <variable domain="DCRJ2_2_3" name="Id_Edge_142_EVout_1" />
    <variable domain="DCRJ2_1_3" name="Id_Edge_143_EVin_1" />
    <variable domain="DCRJ2_2_3" name="Id_Edge_143_EVout_1" />
    <variable domain="DCRJ2_1_3" name="Id_Edge_144_EVin_1" />
    <variable domain="DCRJ2_2_3" name="Id_Edge_144_EVout_1" />
    <variable domain="DCRJ2_1_3" name="Id_Edge_145_EVin_1" />
    <variable domain="DCRJ2_2_3" name="Id_Edge_145_EVout_1" />
    <variable domain="DCRJ2_1_3" name="Id_Edge_146_EVin_1" />
    <variable domain="DCRJ2_2_3" name="Id_Edge_146_EVout_1" />
    <variable domain="DCRJ2_1_3" name="Id_Edge_147_EVin_1" />
    <variable domain="DCRJ2_2_3" name="Id_Edge_147_EVout_1" />
    <variable domain="DCRJ2_1_3" name="Id_Edge_148_EVin_1" />
    <variable domain="DCRJ2_2_3" name="Id_Edge_148_EVout_1" />
    <variable domain="DCRJ2_1_3" name="Id_Edge_149_EVin_1" />
    <variable domain="DCRJ2_2_3" name="Id_Edge_149_EVout_1" />
    <variable domain="DCRJ2_1_3" name="Id_Edge_150_EVin_1" />
    <variable domain="DCRJ2_2_3" name="Id_Edge_150_EVout_1" />
    <variable domain="DCRJ2_1_3" name="Id_Edge_151_EVin_1" />
    <variable domain="DCRJ2_2_3" name="Id_Edge_151_EVout_1" />
    <variable domain="DCRJ2_1_3" name="Id_Edge_152_EVin_1" />
    <variable domain="DCRJ2_2_3" name="Id_Edge_152_EVout_1" />
    <variable domain="DCRJ2_1_3" name="Id_Edge_153_EVin_1" />
    <variable domain="DCRJ2_2_3" name="Id_Edge_153_EVout_1" />
    <variable domain="DCRJ2_1_3" name="Id_Edge_154_EVin_1" />
    <variable domain="DCRJ2_2_3" name="Id_Edge_154_EVout_1" />
    <variable domain="DCRJ2_1_3" name="Id_Edge_155_EVin_1" />
    <variable domain="DCRJ2_2_3" name="Id_Edge_155_EVout_1" />
    <variable domain="DCRJ2_1_3" name="Id_Edge_156_EVin_1" />
    <variable domain="DCRJ2_2_3" name="Id_Edge_156_EVout_1" />
    <variable domain="DCRJ2_1_3" name="Id_Edge_157_EVin_1" />
    <variable domain="DCRJ2_2_3" name="Id_Edge_157_EVout_1" />
    <variable domain="DCRJ2_1_3" name="Id_Edge_158_EVin_1" />
    <variable domain="DCRJ2_2_3" name="Id_Edge_158_EVout_1" />
    <variable domain="DCRJ2_1_3" name="Id_Edge_159_EVin_1" />
    <variable domain="DCRJ2_2_3" name="Id_Edge_159_EVout_1" />
    <variable domain="DCRJ2_1_3" name="Id_Edge_160_EVin_1" />
    <variable domain="DCRJ2_2_3" name="Id_Edge_160_EVout_1" />
    <variable domain="DCRJ2_1_3" name="Id_Edge_161_EVin_1" />
    <variable domain="DCRJ2_2_3" name="Id_Edge_161_EVout_1" />
    <variable domain="DCRJ2_1_3" name="Id_Edge_162_EVin_1" />
    <variable domain="DCRJ2_2_3" name="Id_Edge_162_EVout_1" />
    <variable domain="DCRJ2_1_3" name="Id_Edge_163_EVin_1" />
    <variable domain="DCRJ2_2_3" name="Id_Edge_163_EVout_1" />
    <variable domain="DCRJ2_1_3" name="Id_Edge_164_EVin_1" />
    <variable domain="DCRJ2_2_3" name="Id_Edge_164_EVout_1" />
    <variable domain="DCRJ2_1_3" name="Id_Edge_165_EVin_1" />
    <variable domain="DCRJ2_2_3" name="Id_Edge_165_EVout_1" />
    <variable domain="DCRJ2_1_3" name="Id_Edge_166_EVin_1" />
    <variable domain="DCRJ2_2_3" name="Id_Edge_166_EVout_1" />
    <variable domain="DCRJ2_1_3" name="Id_Edge_167_EVin_1" />
    <variable domain="DCRJ2_2_3" name="Id_Edge_167_EVout_1" />
    <variable domain="DCRJ2_1_3" name="Id_Edge_168_EVin_1" />
    <variable domain="DCRJ2_2_3" name="Id_Edge_168_EVout_1" />
    <variable domain="DCRJ2_1_3" name="Id_Edge_169_EVin_1" />
    <variable domain="DCRJ2_2_3" name="Id_Edge_169_EVout_1" />
    <variable domain="DCRJ2_1_3" name="Id_Edge_170_EVin_1" />
    <variable domain="DCRJ2_2_3" name="Id_Edge_170_EVout_1" />
    <variable domain="DCRJ2_1_3" name="Id_Edge_171_EVin_1" />
    <variable domain="DCRJ2_2_3" name="Id_Edge_171_EVout_1" />
  </variables>
  <predicates nbPredicates="1">
    <predicate name="inf">
      <parameters>int v1 int v2</parameters>
      <expression>
        <functional>lt(v1,v2)</functional>
      </expression>
    </predicate>
  </predicates>
  <constraints nbConstraints="2">
    <constraint name="EVin_VEin" arity="120" scope="Id_Edge_52_EVin_1 Id_Edge_53_EVin_1 Id_Edge_54_EVin_1 Id_Edge_55_EVin_1 Id_Edge_56_EVin_1 Id_Edge_57_EVin_1 Id_Edge_58_EVin_1 Id_Edge_59_EVin_1 Id_Edge_60_EVin_1 Id_Edge_61_EVin_1 Id_Edge_62_EVin_1 Id_Edge_63_EVin_1 Id_Edge_64_EVin_1 Id_Edge_65_EVin_1 Id_Edge_66_EVin_1 Id_Edge_67_EVin_1 Id_Edge_68_EVin_1 Id_Edge_69_EVin_1 Id_Edge_70_EVin_1 Id_Edge_71_EVin_1 Id_Edge_72_EVin_1 Id_Edge_73_EVin_1 Id_Edge_74_EVin_1 Id_Edge_75_EVin_1 Id_Edge_76_EVin_1 Id_Edge_77_EVin_1 Id_Edge_78_EVin_1 Id_Edge_79_EVin_1 Id_Edge_80_EVin_1 Id_Edge_81_EVin_1 Id_Edge_82_EVin_1 Id_Edge_83_EVin_1 Id_Edge_84_EVin_1 Id_Edge_85_EVin_1 Id_Edge_86_EVin_1 Id_Edge_87_EVin_1 Id_Edge_88_EVin_1 Id_Edge_89_EVin_1 Id_Edge_90_EVin_1 Id_Edge_91_EVin_1 Id_Edge_92_EVin_1 Id_Edge_93_EVin_1 Id_Edge_94_EVin_1 Id_Edge_95_EVin_1 Id_Edge_96_EVin_1 Id_Edge_97_EVin_1 Id_Edge_98_EVin_1 Id_Edge_99_EVin_1 Id_Edge_100_EVin_1 Id_Edge_101_EVin_1 Id_Edge_102_EVin_1 Id_Edge_103_EVin_1 Id_Edge_104_EVin_1 Id_Edge_105_EVin_1 Id_Edge_106_EVin_1 Id_Edge_107_EVin_1 Id_Edge_108_EVin_1 Id_Edge_109_EVin_1 Id_Edge_110_EVin_1 Id_Edge_111_EVin_1 Id_Edge_112_EVin_1 Id_Edge_113_EVin_1 Id_Edge_114_EVin_1 Id_Edge_115_EVin_1 Id_Edge_116_EVin_1 Id_Edge_117_EVin_1 Id_Edge_118_EVin_1 Id_Edge_119_EVin_1 Id_Edge_120_EVin_1 Id_Edge_121_EVin_1 Id_Edge_122_EVin_1 Id_Edge_123_EVin_1 Id_Edge_124_EVin_1 Id_Edge_125_EVin_1 Id_Edge_126_EVin_1 Id_Edge_127_EVin_1 Id_Edge_128_EVin_1 Id_Edge_129_EVin_1 Id_Edge_130_EVin_1 Id_Edge_131_EVin_1 Id_Edge_132_EVin_1 Id_Edge_133_EVin_1 Id_Edge_134_EVin_1 Id_Edge_135_EVin_1 Id_Edge_136_EVin_1 Id_Edge_137_EVin_1 Id_Edge_138_EVin_1 Id_Edge_139_EVin_1 Id_Edge_140_EVin_1 Id_Edge_141_EVin_1 Id_Edge_142_EVin_1 Id_Edge_143_EVin_1 Id_Edge_144_EVin_1 Id_Edge_145_EVin_1 Id_Edge_146_EVin_1 Id_Edge_147_EVin_1 Id_Edge_148_EVin_1 Id_Edge_149_EVin_1 Id_Edge_150_EVin_1 Id_Edge_151_EVin_1 Id_Edge_152_EVin_1 Id_Edge_153_EVin_1 Id_Edge_154_EVin_1 Id_Edge_155_EVin_1 Id_Edge_156_EVin_1 Id_Edge_157_EVin_1 Id_Edge_158_EVin_1 Id_Edge_159_EVin_1 Id_Edge_160_EVin_1 Id_Edge_161_EVin_1 Id_Edge_162_EVin_1 Id_Edge_163_EVin_1 Id_Edge_164_EVin_1 Id_Edge_165_EVin_1 Id_Edge_166_EVin_1 Id_Edge_167_EVin_1 Id_Edge_168_EVin_1 Id_Edge_169_EVin_1 Id_Edge_170_EVin_1 Id_Edge_171_EVin_1 " reference="global:globalCardinality">
      <parameters>[ Id_Edge_52_EVin_1 Id_Edge_53_EVin_1 Id_Edge_54_EVin_1 Id_Edge_55_EVin_1 Id_Edge_56_EVin_1 Id_Edge_57_EVin_1 Id_Edge_58_EVin_1 Id_Edge_59_EVin_1 Id_Edge_60_EVin_1 Id_Edge_61_EVin_1 Id_Edge_62_EVin_1 Id_Edge_63_EVin_1 Id_Edge_64_EVin_1 Id_Edge_65_EVin_1 Id_Edge_66_EVin_1 Id_Edge_67_EVin_1 Id_Edge_68_EVin_1 Id_Edge_69_EVin_1 Id_Edge_70_EVin_1 Id_Edge_71_EVin_1 Id_Edge_72_EVin_1 Id_Edge_73_EVin_1 Id_Edge_74_EVin_1 Id_Edge_75_EVin_1 Id_Edge_76_EVin_1 Id_Edge_77_EVin_1 Id_Edge_78_EVin_1 Id_Edge_79_EVin_1 Id_Edge_80_EVin_1 Id_Edge_81_EVin_1 Id_Edge_82_EVin_1 Id_Edge_83_EVin_1 Id_Edge_84_EVin_1 Id_Edge_85_EVin_1 Id_Edge_86_EVin_1 Id_Edge_87_EVin_1 Id_Edge_88_EVin_1 Id_Edge_89_EVin_1 Id_Edge_90_EVin_1 Id_Edge_91_EVin_1 Id_Edge_92_EVin_1 Id_Edge_93_EVin_1 Id_Edge_94_EVin_1 Id_Edge_95_EVin_1 Id_Edge_96_EVin_1 Id_Edge_97_EVin_1 Id_Edge_98_EVin_1 Id_Edge_99_EVin_1 Id_Edge_100_EVin_1 Id_Edge_101_EVin_1 Id_Edge_102_EVin_1 Id_Edge_103_EVin_1 Id_Edge_104_EVin_1 Id_Edge_105_EVin_1 Id_Edge_106_EVin_1 Id_Edge_107_EVin_1 Id_Edge_108_EVin_1 Id_Edge_109_EVin_1 Id_Edge_110_EVin_1 Id_Edge_111_EVin_1 Id_Edge_112_EVin_1 Id_Edge_113_EVin_1 Id_Edge_114_EVin_1 Id_Edge_115_EVin_1 Id_Edge_116_EVin_1 Id_Edge_117_EVin_1 Id_Edge_118_EVin_1 Id_Edge_119_EVin_1 Id_Edge_120_EVin_1 Id_Edge_121_EVin_1 Id_Edge_122_EVin_1 Id_Edge_123_EVin_1 Id_Edge_124_EVin_1 Id_Edge_125_EVin_1 Id_Edge_126_EVin_1 Id_Edge_127_EVin_1 Id_Edge_128_EVin_1 Id_Edge_129_EVin_1 Id_Edge_130_EVin_1 Id_Edge_131_EVin_1 Id_Edge_132_EVin_1 Id_Edge_133_EVin_1 Id_Edge_134_EVin_1 Id_Edge_135_EVin_1 Id_Edge_136_EVin_1 Id_Edge_137_EVin_1 Id_Edge_138_EVin_1 Id_Edge_139_EVin_1 Id_Edge_140_EVin_1 Id_Edge_141_EVin_1 Id_Edge_142_EVin_1 Id_Edge_143_EVin_1 Id_Edge_144_EVin_1 Id_Edge_145_EVin_1 Id_Edge_146_EVin_1 Id_Edge_147_EVin_1 Id_Edge_148_EVin_1 Id_Edge_149_EVin_1 Id_Edge_150_EVin_1 Id_Edge_151_EVin_1 Id_Edge_152_EVin_1 Id_Edge_153_EVin_1 Id_Edge_154_EVin_1 Id_Edge_155_EVin_1 Id_Edge_156_EVin_1 Id_Edge_157_EVin_1 Id_Edge_158_EVin_1 Id_Edge_159_EVin_1 Id_Edge_160_EVin_1 Id_Edge_161_EVin_1 Id_Edge_162_EVin_1 Id_Edge_163_EVin_1 Id_Edge_164_EVin_1 Id_Edge_165_EVin_1 Id_Edge_166_EVin_1 Id_Edge_167_EVin_1 Id_Edge_168_EVin_1 Id_Edge_169_EVin_1 Id_Edge_170_EVin_1 Id_Edge_171_EVin_1 ] [ 2 3 4 5 6 7 8 9 10 11 12 13 14 15 16 17 18 19 20 21 22 23 24 25 26 27 28 29 30 31 32 33 34 35 36 37 38 39 40 41 42 43 44 45 46 47 48 49 50 51 ] [ 0 0 0 0 0 0 0 0 0 0 0 0 0 0 0 0 0 0 0 0 0 0 0 0 0 0 0 0 0 0 0 0 0 0 0 0 0 0 0 0 0 0 0 0 0 0 0 0 0 0 ] [ 3 1 2 1 3 4 4 3 0 1 4 4 5 3 2 3 5 2 0 5 2 0 2 5 4 5 5 0 2 1 1 0 1 3 5 1 1 0 4 5 5 1 0 4 3 4 5 4 5 5 ]</parameters>
    </constraint>
    <constraint name="EVout_VEout" arity="120" scope="Id_Edge_52_EVout_1 Id_Edge_53_EVout_1 Id_Edge_54_EVout_1 Id_Edge_55_EVout_1 Id_Edge_56_EVout_1 Id_Edge_57_EVout_1 Id_Edge_58_EVout_1 Id_Edge_59_EVout_1 Id_Edge_60_EVout_1 Id_Edge_61_EVout_1 Id_Edge_62_EVout_1 Id_Edge_63_EVout_1 Id_Edge_64_EVout_1 Id_Edge_65_EVout_1 Id_Edge_66_EVout_1 Id_Edge_67_EVout_1 Id_Edge_68_EVout_1 Id_Edge_69_EVout_1 Id_Edge_70_EVout_1 Id_Edge_71_EVout_1 Id_Edge_72_EVout_1 Id_Edge_73_EVout_1 Id_Edge_74_EVout_1 Id_Edge_75_EVout_1 Id_Edge_76_EVout_1 Id_Edge_77_EVout_1 Id_Edge_78_EVout_1 Id_Edge_79_EVout_1 Id_Edge_80_EVout_1 Id_Edge_81_EVout_1 Id_Edge_82_EVout_1 Id_Edge_83_EVout_1 Id_Edge_84_EVout_1 Id_Edge_85_EVout_1 Id_Edge_86_EVout_1 Id_Edge_87_EVout_1 Id_Edge_88_EVout_1 Id_Edge_89_EVout_1 Id_Edge_90_EVout_1 Id_Edge_91_EVout_1 Id_Edge_92_EVout_1 Id_Edge_93_EVout_1 Id_Edge_94_EVout_1 Id_Edge_95_EVout_1 Id_Edge_96_EVout_1 Id_Edge_97_EVout_1 Id_Edge_98_EVout_1 Id_Edge_99_EVout_1 Id_Edge_100_EVout_1 Id_Edge_101_EVout_1 Id_Edge_102_EVout_1 Id_Edge_103_EVout_1 Id_Edge_104_EVout_1 Id_Edge_105_EVout_1 Id_Edge_106_EVout_1 Id_Edge_107_EVout_1 Id_Edge_108_EVout_1 Id_Edge_109_EVout_1 Id_Edge_110_EVout_1 Id_Edge_111_EVout_1 Id_Edge_112_EVout_1 Id_Edge_113_EVout_1 Id_Edge_114_EVout_1 Id_Edge_115_EVout_1 Id_Edge_116_EVout_1 Id_Edge_117_EVout_1 Id_Edge_118_EVout_1 Id_Edge_119_EVout_1 Id_Edge_120_EVout_1 Id_Edge_121_EVout_1 Id_Edge_122_EVout_1 Id_Edge_123_EVout_1 Id_Edge_124_EVout_1 Id_Edge_125_EVout_1 Id_Edge_126_EVout_1 Id_Edge_127_EVout_1 Id_Edge_128_EVout_1 Id_Edge_129_EVout_1 Id_Edge_130_EVout_1 Id_Edge_131_EVout_1 Id_Edge_132_EVout_1 Id_Edge_133_EVout_1 Id_Edge_134_EVout_1 Id_Edge_135_EVout_1 Id_Edge_136_EVout_1 Id_Edge_137_EVout_1 Id_Edge_138_EVout_1 Id_Edge_139_EVout_1 Id_Edge_140_EVout_1 Id_Edge_141_EVout_1 Id_Edge_142_EVout_1 Id_Edge_143_EVout_1 Id_Edge_144_EVout_1 Id_Edge_145_EVout_1 Id_Edge_146_EVout_1 Id_Edge_147_EVout_1 Id_Edge_148_EVout_1 Id_Edge_149_EVout_1 Id_Edge_150_EVout_1 Id_Edge_151_EVout_1 Id_Edge_152_EVout_1 Id_Edge_153_EVout_1 Id_Edge_154_EVout_1 Id_Edge_155_EVout_1 Id_Edge_156_EVout_1 Id_Edge_157_EVout_1 Id_Edge_158_EVout_1 Id_Edge_159_EVout_1 Id_Edge_160_EVout_1 Id_Edge_161_EVout_1 Id_Edge_162_EVout_1 Id_Edge_163_EVout_1 Id_Edge_164_EVout_1 Id_Edge_165_EVout_1 Id_Edge_166_EVout_1 Id_Edge_167_EVout_1 Id_Edge_168_EVout_1 Id_Edge_169_EVout_1 Id_Edge_170_EVout_1 Id_Edge_171_EVout_1 " reference="global:globalCardinality">
      <parameters>[ Id_Edge_52_EVout_1 Id_Edge_53_EVout_1 Id_Edge_54_EVout_1 Id_Edge_55_EVout_1 Id_Edge_56_EVout_1 Id_Edge_57_EVout_1 Id_Edge_58_EVout_1 Id_Edge_59_EVout_1 Id_Edge_60_EVout_1 Id_Edge_61_EVout_1 Id_Edge_62_EVout_1 Id_Edge_63_EVout_1 Id_Edge_64_EVout_1 Id_Edge_65_EVout_1 Id_Edge_66_EVout_1 Id_Edge_67_EVout_1 Id_Edge_68_EVout_1 Id_Edge_69_EVout_1 Id_Edge_70_EVout_1 Id_Edge_71_EVout_1 Id_Edge_72_EVout_1 Id_Edge_73_EVout_1 Id_Edge_74_EVout_1 Id_Edge_75_EVout_1 Id_Edge_76_EVout_1 Id_Edge_77_EVout_1 Id_Edge_78_EVout_1 Id_Edge_79_EVout_1 Id_Edge_80_EVout_1 Id_Edge_81_EVout_1 Id_Edge_82_EVout_1 Id_Edge_83_EVout_1 Id_Edge_84_EVout_1 Id_Edge_85_EVout_1 Id_Edge_86_EVout_1 Id_Edge_87_EVout_1 Id_Edge_88_EVout_1 Id_Edge_89_EVout_1 Id_Edge_90_EVout_1 Id_Edge_91_EVout_1 Id_Edge_92_EVout_1 Id_Edge_93_EVout_1 Id_Edge_94_EVout_1 Id_Edge_95_EVout_1 Id_Edge_96_EVout_1 Id_Edge_97_EVout_1 Id_Edge_98_EVout_1 Id_Edge_99_EVout_1 Id_Edge_100_EVout_1 Id_Edge_101_EVout_1 Id_Edge_102_EVout_1 Id_Edge_103_EVout_1 Id_Edge_104_EVout_1 Id_Edge_105_EVout_1 Id_Edge_106_EVout_1 Id_Edge_107_EVout_1 Id_Edge_108_EVout_1 Id_Edge_109_EVout_1 Id_Edge_110_EVout_1 Id_Edge_111_EVout_1 Id_Edge_112_EVout_1 Id_Edge_113_EVout_1 Id_Edge_114_EVout_1 Id_Edge_115_EVout_1 Id_Edge_116_EVout_1 Id_Edge_117_EVout_1 Id_Edge_118_EVout_1 Id_Edge_119_EVout_1 Id_Edge_120_EVout_1 Id_Edge_121_EVout_1 Id_Edge_122_EVout_1 Id_Edge_123_EVout_1 Id_Edge_124_EVout_1 Id_Edge_125_EVout_1 Id_Edge_126_EVout_1 Id_Edge_127_EVout_1 Id_Edge_128_EVout_1 Id_Edge_129_EVout_1 Id_Edge_130_EVout_1 Id_Edge_131_EVout_1 Id_Edge_132_EVout_1 Id_Edge_133_EVout_1 Id_Edge_134_EVout_1 Id_Edge_135_EVout_1 Id_Edge_136_EVout_1 Id_Edge_137_EVout_1 Id_Edge_138_EVout_1 Id_Edge_139_EVout_1 Id_Edge_140_EVout_1 Id_Edge_141_EVout_1 Id_Edge_142_EVout_1 Id_Edge_143_EVout_1 Id_Edge_144_EVout_1 Id_Edge_145_EVout_1 Id_Edge_146_EVout_1 Id_Edge_147_EVout_1 Id_Edge_148_EVout_1 Id_Edge_149_EVout_1 Id_Edge_150_EVout_1 Id_Edge_151_EVout_1 Id_Edge_152_EVout_1 Id_Edge_153_EVout_1 Id_Edge_154_EVout_1 Id_Edge_155_EVout_1 Id_Edge_156_EVout_1 Id_Edge_157_EVout_1 Id_Edge_158_EVout_1 Id_Edge_159_EVout_1 Id_Edge_160_EVout_1 Id_Edge_161_EVout_1 Id_Edge_162_EVout_1 Id_Edge_163_EVout_1 Id_Edge_164_EVout_1 Id_Edge_165_EVout_1 Id_Edge_166_EVout_1 Id_Edge_167_EVout_1 Id_Edge_168_EVout_1 Id_Edge_169_EVout_1 Id_Edge_170_EVout_1 Id_Edge_171_EVout_1 ] [ 2 3 4 5 6 7 8 9 10 11 12 13 14 15 16 17 18 19 20 21 22 23 24 25 26 27 28 29 30 31 32 33 34 35 36 37 38 39 40 41 42 43 44 45 46 47 48 49 50 51 ] [ 0 0 0 0 0 0 0 0 0 0 0 0 0 0 0 0 0 0 0 0 0 0 0 0 0 0 0 0 0 0 0 0 0 0 0 0 0 0 0 0 0 0 0 0 0 0 0 0 0 0 ] [ 1 1 2 1 4 2 1 2 2 3 4 0 0 2 3 5 2 2 3 3 4 2 3 4 3 3 1 2 2 1 3 0 4 2 1 2 2 3 0 2 0 1 2 1 5 3 4 3 2 2 ]</parameters>
    </constraint>
  </constraints>
</instance>
